,ID,Name,L2FC,p-value,L2FC,p-value,L2FC,p-value,L2FC,p-value,L2FC,p-value,L2FC,p-value,L2FC,p-value,L2FC,p-value,L2FC,p-value
0,ENSG00000173200,PARP15,1.62,4e-04,-2.42,1e-03,-0.30,1e+00,0.10,1e+00,1.99,2e-02,-2.60,3e-03,0.30,1e+00,-3.01,4e-01,-2.27,5e-05
1,ENSG00000112137,PHACTR1,1.37,6e-03,-4.90,3e-10,0.55,8e-01,0.29,9e-01,0.98,3e-01,-2.68,9e-04,0.58,1e+00,-4.93,3e-01,-1.46,8e-03
2,ENSG00000163534,FCRL1,1.28,1e-02,-4.73,8e-10,0.35,1e+00,0.57,4e-01,1.83,3e-02,-4.18,5e-07,-0.12,1e+00,-4.92,3e-01,-1.84,5e-04
3,ENSG00000143297,FCRL5,1.28,1e-02,-5.00,3e-10,-0.26,1e+00,0.44,7e-01,2.24,4e-03,-4.40,3e-07,0.02,1e+00,-3.54,3e-01,-1.53,6e-03
4,ENSG00000127528,KLF2,1.24,2e-02,0.77,3e-01,1.25,3e-02,-0.77,3e-01,0.06,1e+00,-2.12,7e-03,0.06,1e+00,-5.28,3e-01,-3.08,8e-10
5,ENSG00000110172,CHORDC1,1.21,2e-02,-1.49,6e-02,-0.66,9e-01,0.29,9e-01,1.33,1e-01,-0.86,6e-01,-0.54,1e+00,-3.55,3e-01,-0.38,8e-01
6,ENSG00000132704,FCRL2,1.21,2e-02,-4.80,2e-10,-1.05,5e-01,1.01,2e-02,1.81,3e-02,-3.69,4e-06,-0.01,1e+00,-4.04,3e-01,-1.55,4e-03
7,ENSG00000138670,RASGEF1B,1.16,3e-02,-1.00,3e-01,0.14,1e+00,0.45,7e-01,0.73,4e-01,-1.55,9e-02,0.17,1e+00,-4.07,3e-01,-1.32,2e-02
8,ENSG00000138639,ARHGAP24,1.16,3e-02,-5.78,2e-12,0.09,1e+00,0.63,3e-01,1.35,1e-01,-3.64,5e-06,0.34,1e+00,-4.38,3e-01,-1.06,7e-02
9,ENSG00000123358,NR4A1,1.15,5e-02,-0.40,1e+00,1.50,2e-03,-0.85,2e-01,0.92,3e-01,-1.15,4e-01,-0.08,1e+00,-4.35,3e-01,-1.90,2e-04
10,ENSG00000178913,TAF7,1.13,4e-02,-0.64,7e-01,0.01,1e+00,0.25,1e+00,0.30,8e-01,-0.87,6e-01,0.10,1e+00,-3.73,3e-01,-0.84,2e-01
11,ENSG00000116191,RALGPS2,1.12,6e-02,-5.54,3e-13,0.19,1e+00,0.60,4e-01,1.65,5e-02,-3.55,3e-06,0.16,1e+00,-3.82,3e-01,-1.24,2e-02
12,ENSG00000145416,MARCH1,1.09,7e-02,-7.81,2e-14,0.07,1e+00,0.82,1e-01,1.44,1e-01,-2.98,2e-04,0.24,1e+00,-4.08,3e-01,-1.47,7e-03
13,ENSG00000156738,MS4A1,1.08,7e-02,-6.05,1e-16,-0.51,1e+00,0.71,2e-01,1.18,2e-01,-3.72,5e-07,0.48,1e+00,-4.01,3e-01,-0.56,5e-01
14,ENSG00000159388,BTG2,1.06,8e-02,0.09,1e+00,0.59,7e-01,-0.02,1e+00,0.76,4e-01,-0.62,9e-01,-0.41,1e+00,-4.74,3e-01,-1.82,3e-04
15,ENSG00000120694,HSPH1,1.06,9e-02,-1.35,1e-01,-0.38,1e+00,0.16,1e+00,1.33,1e-01,-0.71,8e-01,-0.49,1e+00,-3.89,3e-01,-0.26,1e+00
16,ENSG00000132002,DNAJB1,1.06,9e-02,0.72,3e-01,0.29,1e+00,-0.29,1e+00,0.11,1e+00,-0.56,9e-01,-0.20,1e+00,-4.58,3e-01,-1.42,7e-03
17,ENSG00000112343,TRIM38,1.04,9e-02,-1.96,6e-03,0.10,1e+00,0.60,4e-01,1.19,2e-01,-1.89,3e-02,0.09,1e+00,-3.31,3e-01,-1.09,6e-02
18,ENSG00000112149,CD83,1.02,1e-01,-3.59,8e-08,1.42,6e-03,0.12,1e+00,0.52,6e-01,-2.92,1e-04,0.31,1e+00,-5.35,3e-01,-1.17,4e-02
19,ENSG00000265206,MIR142,0.99,1e-01,-2.06,3e-03,-0.56,1e+00,0.36,8e-01,1.66,6e-02,-1.17,3e-01,0.53,1e+00,-3.47,3e-01,-1.15,5e-02
20,ENSG00000177606,JUN,0.99,1e-01,0.86,2e-01,0.67,6e-01,-0.59,6e-01,0.34,9e-01,-0.81,5e-01,-0.38,1e+00,-3.67,3e-01,-1.40,5e-03
21,ENSG00000090104,RGS1,0.98,1e-01,-2.05,2e-03,-0.56,1e+00,0.85,7e-02,-0.18,1e+00,-1.04,4e-01,0.32,1e+00,-4.56,3e-01,-0.61,4e-01
22,ENSG00000153064,BANK1,0.98,1e-01,-5.37,1e-12,0.90,2e-01,0.37,8e-01,1.06,2e-01,-3.54,4e-06,0.26,1e+00,-2.88,4e-01,-0.86,2e-01
23,ENSG00000081189,MEF2C,0.97,1e-01,-5.46,7e-14,0.13,1e+00,0.58,4e-01,0.93,3e-01,-3.22,1e-05,0.34,1e+00,-3.94,3e-01,-0.35,8e-01
24,ENSG00000198771,RCSD1,0.95,2e-01,-1.80,1e-02,-0.38,1e+00,0.57,4e-01,1.11,2e-01,-1.85,3e-02,0.14,1e+00,-3.70,3e-01,-0.44,7e-01
25,ENSG00000214595,EML6,0.94,2e-01,-6.38,3e-13,-3.29,3e-05,0.81,1e-01,2.28,4e-03,-4.77,3e-08,-0.26,1e+00,-3.07,4e-01,-0.23,1e+00
26,ENSG00000136527,TRA2B,0.94,2e-01,-1.05,3e-01,-0.17,1e+00,0.12,1e+00,1.21,2e-01,-1.04,4e-01,-0.09,1e+00,-4.53,3e-01,-0.28,9e-01
27,ENSG00000140379,BCL2A1,0.93,2e-01,-1.50,6e-02,0.90,2e-01,0.17,1e+00,-0.78,9e-01,-1.52,1e-01,0.74,1e+00,-4.05,3e-01,-0.90,2e-01
28,ENSG00000168036,CTNNB1,0.92,2e-01,-1.12,2e-01,-0.64,1e+00,0.56,5e-01,0.62,5e-01,-0.71,8e-01,0.21,1e+00,-3.71,3e-01,-0.60,5e-01
29,ENSG00000155657,TTN,0.91,3e-01,-1.70,5e-02,-2.58,4e-03,0.39,8e-01,2.98,3e-06,-1.93,5e-02,-0.76,1e+00,-1.36,1e+00,-1.33,3e-02
30,ENSG00000196352,CD55,0.91,2e-01,-0.67,7e-01,0.68,6e-01,0.33,8e-01,0.64,5e-01,-3.33,2e-05,-0.01,1e+00,-4.76,3e-01,-0.77,3e-01
31,ENSG00000251562,MALAT1,0.91,2e-01,0.09,1e+00,0.07,1e+00,-0.07,1e+00,1.24,2e-01,-0.26,1e+00,-0.08,1e+00,-4.33,3e-01,-1.75,2e-04
32,ENSG00000120738,EGR1,0.90,3e-01,-0.02,1e+00,1.89,7e-05,-1.00,2e-01,0.42,7e-01,-1.46,2e-01,-0.06,1e+00,-3.06,4e-01,-1.91,8e-04
33,ENSG00000114784,EIF1B,0.90,2e-01,-1.30,1e-01,0.03,1e+00,0.53,6e-01,-0.64,1e+00,-0.94,5e-01,0.28,1e+00,-4.07,3e-01,-0.35,9e-01
34,ENSG00000059804,SLC2A3,0.89,3e-01,0.67,4e-01,0.80,4e-01,-0.51,7e-01,1.11,2e-01,-0.83,6e-01,-0.01,1e+00,-4.45,3e-01,-2.80,2e-08
35,ENSG00000204388,HSPA1B,0.89,3e-01,0.29,9e-01,1.12,1e-01,-0.86,4e-01,1.21,2e-01,-0.10,1e+00,-0.37,1e+00,-3.92,4e-01,-2.28,1e-04
36,ENSG00000080824,HSP90AA1,0.87,3e-01,-0.72,5e-01,0.05,1e+00,0.05,1e+00,0.74,5e-01,-0.65,7e-01,-0.09,1e+00,-3.90,3e-01,-0.26,9e-01
37,ENSG00000184203,PPP1R2,0.86,2e-01,-0.50,9e-01,-0.46,1e+00,0.18,1e+00,0.10,1e+00,-0.15,1e+00,0.25,1e+00,-3.36,3e-01,-0.44,7e-01
38,ENSG00000196776,CD47,0.86,2e-01,-1.25,1e-01,-0.39,1e+00,0.49,6e-01,0.77,4e-01,-1.06,4e-01,0.15,1e+00,-4.33,3e-01,-0.37,8e-01
39,ENSG00000110848,CD69,0.85,3e-01,0.62,5e-01,1.24,3e-02,-0.78,3e-01,0.22,9e-01,-0.58,9e-01,-0.09,1e+00,-5.23,3e-01,-1.90,2e-04
40,ENSG00000242574,HLA-DMB,0.85,3e-01,-4.52,3e-10,0.26,1e+00,0.70,2e-01,0.79,4e-01,-3.57,4e-06,0.07,1e+00,-3.63,3e-01,-0.17,1e+00
41,ENSG00000143384,MCL1,0.83,3e-01,-0.04,1e+00,0.13,1e+00,0.08,1e+00,0.30,8e-01,0.05,1e+00,-0.11,1e+00,-4.77,3e-01,-1.06,6e-02
42,ENSG00000114861,FOXP1,0.83,3e-01,-0.75,6e-01,-0.60,1e+00,0.68,3e-01,0.80,4e-01,-1.78,3e-02,0.32,1e+00,-4.62,3e-01,-0.78,2e-01
43,ENSG00000164548,TRA2A,0.80,4e-01,-1.24,1e-01,-0.32,1e+00,0.48,7e-01,0.66,5e-01,-0.85,6e-01,0.15,1e+00,-3.43,3e-01,-0.36,8e-01
44,ENSG00000173193,PARP14,0.79,4e-01,-1.82,1e-02,0.51,8e-01,0.01,1e+00,1.71,5e-02,-2.08,1e-02,0.04,1e+00,-3.51,3e-01,-0.44,7e-01
45,ENSG00000173575,CHD2,0.79,3e-01,0.42,7e-01,0.22,1e+00,-0.52,7e-01,1.06,2e-01,0.39,8e-01,-0.24,1e+00,-2.46,5e-01,-1.66,1e-03
46,ENSG00000067066,SP100,0.78,4e-01,-1.18,2e-01,-0.11,1e+00,0.42,7e-01,0.93,3e-01,-0.87,6e-01,-0.18,1e+00,-2.33,5e-01,-0.35,9e-01
47,ENSG00000244754,N4BP2L2,0.78,4e-01,-0.22,1e+00,-0.08,1e+00,0.05,1e+00,1.40,1e-01,-0.04,1e+00,-0.10,1e+00,-4.73,3e-01,-1.42,7e-03
48,ENSG00000134884,ARGLU1,0.77,4e-01,-0.59,7e-01,-0.35,1e+00,0.15,1e+00,1.00,3e-01,-0.10,1e+00,-0.24,1e+00,-2.83,4e-01,-0.47,7e-01
49,ENSG00000198625,MDM4,0.77,4e-01,-0.95,4e-01,-0.13,1e+00,0.33,8e-01,1.57,7e-02,-0.94,5e-01,-0.11,1e+00,-3.02,4e-01,-0.84,2e-01
50,ENSG00000133639,BTG1,0.76,4e-01,0.06,1e+00,0.43,1e+00,0.47,7e-01,-0.38,1e+00,-0.97,4e-01,-0.01,1e+00,-4.42,3e-01,-1.29,9e-03
51,ENSG00000087074,PPP1R15A,0.76,4e-01,0.02,1e+00,0.70,6e-01,0.12,1e+00,-0.33,1e+00,-0.41,1e+00,-0.33,1e+00,-4.94,3e-01,-0.91,1e-01
52,ENSG00000005483,KMT2E,0.76,4e-01,-0.20,1e+00,0.09,1e+00,0.11,1e+00,0.93,3e-01,-0.32,1e+00,-0.08,1e+00,-2.92,4e-01,-0.97,1e-01
53,ENSG00000086061,DNAJA1,0.76,4e-01,-0.14,1e+00,0.09,1e+00,0.28,1e+00,0.03,1e+00,-0.20,1e+00,-0.14,1e+00,-5.55,3e-01,-0.79,2e-01
54,ENSG00000077238,IL4R,0.75,4e-01,-0.70,6e-01,0.80,4e-01,0.37,8e-01,1.39,1e-01,-2.91,2e-04,-0.31,1e+00,-3.79,3e-01,-1.24,3e-02
55,ENSG00000150347,ARID5B,0.75,4e-01,-0.75,6e-01,0.00,1e+00,-0.01,1e+00,0.20,9e-01,0.74,3e-01,0.00,1e+00,-4.26,3e-01,-0.81,2e-01
56,ENSG00000167604,NFKBID,0.75,4e-01,-0.67,7e-01,1.23,3e-02,-0.44,8e-01,1.04,3e-01,-0.73,8e-01,-0.06,1e+00,-3.93,3e-01,-1.02,1e-01
57,ENSG00000163728,TTC14,0.75,4e-01,-0.78,6e-01,-0.39,1e+00,0.30,9e-01,1.61,6e-02,-0.63,9e-01,0.04,1e+00,-4.02,3e-01,-0.96,1e-01
58,ENSG00000100201,DDX17,0.75,5e-01,-0.78,5e-01,-0.56,1e+00,0.31,9e-01,1.75,4e-02,-0.72,7e-01,-0.15,1e+00,-2.76,4e-01,-0.87,2e-01
59,ENSG00000157514,TSC22D3,0.73,5e-01,0.61,5e-01,1.20,4e-02,-0.34,9e-01,-0.07,1e+00,-0.61,9e-01,-0.22,1e+00,-4.35,3e-01,-2.02,4e-05
60,ENSG00000160613,PCSK7,0.73,5e-01,-0.27,1e+00,-0.31,1e+00,-0.20,1e+00,1.78,4e-02,-0.08,1e+00,-0.49,1e+00,-2.82,4e-01,-0.70,4e-01
61,ENSG00000144674,GOLGA4,0.72,5e-01,-0.74,6e-01,-1.06,5e-01,0.22,1e+00,1.59,7e-02,-0.80,7e-01,-0.27,1e+00,-3.29,3e-01,-0.10,1e+00
62,ENSG00000147162,OGT,0.72,5e-01,-0.39,1e+00,-0.72,9e-01,0.25,1e+00,1.55,8e-02,-0.41,1e+00,0.20,1e+00,-3.59,3e-01,-1.11,6e-02
63,ENSG00000196628,TCF4,0.72,5e-01,-6.17,4e-15,-1.01,6e-01,0.87,7e-02,1.24,2e-01,-1.99,1e-02,0.11,1e+00,-3.89,3e-01,-0.00,1e+00
64,ENSG00000130522,JUND,0.71,5e-01,0.38,8e-01,1.17,4e-02,-0.28,1e+00,-0.82,7e-01,-0.22,1e+00,-0.10,1e+00,-4.27,3e-01,-1.69,4e-04
65,ENSG00000197903,HIST1H2BK,0.71,5e-01,-2.67,7e-05,-1.38,2e-01,1.40,1e-04,-1.52,4e-01,-1.74,4e-02,1.13,4e-01,-3.83,3e-01,-1.31,2e-02
66,ENSG00000116741,RGS2,0.71,5e-01,-2.11,2e-03,0.30,1e+00,0.78,1e-01,-0.47,1e+00,-0.75,7e-01,0.12,1e+00,-4.62,3e-01,-0.53,6e-01
67,ENSG00000198502,HLA-DRB5,0.71,5e-01,-5.19,5e-13,1.36,1e-02,0.38,8e-01,-0.97,7e-01,-3.23,1e-05,0.39,1e+00,-3.55,3e-01,-0.34,8e-01
68,ENSG00000167615,LENG8,0.70,5e-01,-0.56,8e-01,-0.14,1e+00,0.11,1e+00,1.63,6e-02,-0.81,7e-01,0.18,1e+00,-2.45,5e-01,-0.96,1e-01
69,ENSG00000003756,RBM5,0.70,5e-01,-1.17,2e-01,-0.77,8e-01,0.37,8e-01,1.95,1e-02,-0.74,7e-01,-0.31,1e+00,-3.61,3e-01,-0.60,5e-01
70,ENSG00000107290,SETX,0.70,5e-01,-0.91,4e-01,-0.14,1e+00,0.23,1e+00,2.02,1e-02,-0.86,6e-01,-0.32,1e+00,-2.54,5e-01,-0.98,1e-01
71,ENSG00000204257,HLA-DMA,0.69,5e-01,-4.01,3e-09,0.44,9e-01,0.71,2e-01,-0.16,1e+00,-2.15,5e-03,0.45,1e+00,-4.43,3e-01,-0.19,1e+00
72,ENSG00000135968,GCC2,0.67,5e-01,-0.39,1e+00,-0.25,1e+00,0.04,1e+00,1.37,1e-01,0.04,1e+00,-0.26,1e+00,-3.73,3e-01,-0.71,3e-01
73,ENSG00000169442,CD52,0.67,6e-01,-1.03,2e-01,0.28,1e+00,0.66,3e-01,-1.92,3e-01,-0.62,7e-01,0.64,1e+00,-4.55,3e-01,-0.94,9e-02
74,ENSG00000124151,NCOA3,0.65,6e-01,-2.38,4e-04,-0.52,1e+00,1.02,2e-02,0.95,3e-01,-1.91,2e-02,-0.07,1e+00,-5.48,3e-01,-0.34,9e-01
75,ENSG00000105369,CD79A,0.64,6e-01,-5.27,2e-13,0.65,7e-01,0.90,5e-02,-1.01,7e-01,-1.53,9e-02,0.43,1e+00,-4.36,3e-01,-0.57,5e-01
76,ENSG00000227468,AL928742.12,0.64,6e-01,-6.21,1e-14,-3.24,2e-05,1.12,6e-03,-1.63,4e-01,-4.14,1e-07,1.15,3e-01,-4.29,3e-01,0.34,7e-01
77,ENSG00000116731,PRDM2,0.64,6e-01,-1.46,6e-02,-0.29,1e+00,0.85,8e-02,0.26,9e-01,-1.04,4e-01,-0.09,1e+00,-4.02,3e-01,-0.27,1e+00
78,ENSG00000132510,KDM6B,0.64,6e-01,0.06,1e+00,1.22,3e-02,-0.45,8e-01,0.89,3e-01,-0.28,1e+00,-0.35,1e+00,-3.35,3e-01,-1.55,4e-03
79,ENSG00000169508,GPR183,0.63,6e-01,0.35,8e-01,1.61,9e-04,-0.80,3e-01,-0.38,1e+00,-0.41,1e+00,0.04,1e+00,-4.98,3e-01,-1.65,3e-03
80,ENSG00000198399,ITSN2,0.63,6e-01,-1.24,2e-01,-0.05,1e+00,0.27,1e+00,1.44,1e-01,-0.84,6e-01,-0.19,1e+00,-3.23,3e-01,-0.27,1e+00
81,ENSG00000196735,HLA-DQA1,0.62,7e-01,-4.75,3e-11,1.12,7e-02,0.33,9e-01,-0.11,1e+00,-2.98,7e-05,0.51,1e+00,-4.07,3e-01,-0.17,1e+00
82,ENSG00000196126,HLA-DRB1,0.62,7e-01,-4.78,4e-12,1.28,2e-02,0.46,7e-01,-0.91,8e-01,-3.06,3e-05,0.41,1e+00,-3.62,3e-01,-0.29,9e-01
83,ENSG00000104921,FCER2,0.62,7e-01,-4.27,4e-08,1.94,1e-05,-0.51,8e-01,0.73,5e-01,-4.50,5e-07,0.41,1e+00,-3.13,4e-01,-0.50,7e-01
84,ENSG00000028277,POU2F2,0.61,7e-01,-2.79,3e-05,-0.21,1e+00,0.89,5e-02,0.90,3e-01,-2.31,3e-03,0.18,1e+00,-4.08,3e-01,-0.28,1e+00
85,ENSG00000134744,ZCCHC11,0.61,6e-01,-0.54,8e-01,-0.17,1e+00,0.12,1e+00,1.41,1e-01,-0.26,1e+00,-0.36,1e+00,-3.16,3e-01,-0.46,7e-01
86,ENSG00000079950,STX7,0.60,7e-01,-3.98,2e-07,0.04,1e+00,0.49,6e-01,1.81,4e-02,-2.88,6e-04,0.34,1e+00,-3.11,4e-01,-0.40,8e-01
87,ENSG00000019582,CD74,0.60,7e-01,-3.75,7e-09,0.99,2e-01,0.47,7e-01,-0.20,1e+00,-2.34,2e-03,0.48,1e+00,-4.15,3e-01,-0.30,9e-01
88,ENSG00000160888,IER2,0.59,7e-01,0.76,3e-01,1.38,8e-03,-0.75,3e-01,-0.08,1e+00,-0.32,1e+00,-0.23,1e+00,-4.11,3e-01,-1.83,3e-04
89,ENSG00000129071,MBD4,0.59,6e-01,-2.58,1e-04,-0.88,7e-01,0.99,2e-02,0.53,6e-01,-2.06,1e-02,0.14,1e+00,-3.62,3e-01,0.07,1e+00
90,ENSG00000168297,PXK,0.59,7e-01,-3.36,9e-07,-1.23,3e-01,1.09,6e-03,0.58,6e-01,-2.65,6e-04,0.33,1e+00,-4.51,3e-01,0.09,1e+00
91,ENSG00000070961,ATP2B1,0.59,6e-01,-1.80,1e-02,-0.30,1e+00,0.75,2e-01,0.80,4e-01,-0.82,7e-01,0.11,1e+00,-3.59,3e-01,-0.42,7e-01
92,ENSG00000231389,HLA-DPA1,0.58,7e-01,-4.19,3e-10,1.26,2e-02,0.35,8e-01,-1.24,6e-01,-2.79,1e-04,0.69,1e+00,-4.00,3e-01,-0.31,8e-01
93,ENSG00000198106,SNX29P2,0.58,7e-01,-3.40,2e-07,-0.71,9e-01,1.02,1e-02,0.93,3e-01,-2.57,6e-04,0.17,1e+00,-4.03,3e-01,-0.09,1e+00
94,ENSG00000198408,MGEA5,0.57,7e-01,-0.89,4e-01,-0.81,8e-01,0.46,7e-01,1.61,6e-02,-0.62,9e-01,-0.18,1e+00,-3.56,3e-01,-0.45,7e-01
95,ENSG00000004534,RBM6,0.57,7e-01,-1.26,1e-01,-0.38,1e+00,0.42,7e-01,1.55,8e-02,-0.94,5e-01,-0.35,1e+00,-2.37,5e-01,-0.18,1e+00
96,ENSG00000146247,PHIP,0.57,7e-01,-0.62,7e-01,-0.29,1e+00,0.07,1e+00,1.44,1e-01,-0.38,1e+00,-0.51,1e+00,-2.55,5e-01,-0.09,1e+00
97,ENSG00000163683,SMIM14,0.56,7e-01,-4.40,3e-10,-0.84,7e-01,1.47,3e-05,-1.03,7e-01,-3.60,2e-06,0.88,1e+00,-3.49,3e-01,-0.65,4e-01
98,ENSG00000012124,CD22,0.55,7e-01,-5.27,7e-12,0.24,1e+00,0.81,1e-01,1.01,3e-01,-3.50,7e-06,-0.00,1e+00,-3.71,3e-01,-0.01,1e+00
99,ENSG00000257621,RP11-349A22.5,0.54,7e-01,-0.26,1e+00,-0.22,1e+00,0.13,1e+00,1.41,1e-01,0.06,1e+00,-0.28,1e+00,-3.76,3e-01,-0.83,2e-01
100,ENSG00000143119,CD53,0.53,8e-01,-1.32,1e-01,-0.30,1e+00,0.76,1e-01,-0.19,1e+00,-0.94,5e-01,0.37,1e+00,-4.11,3e-01,-0.23,1e+00
101,ENSG00000223865,HLA-DPB1,0.51,8e-01,-4.17,4e-10,1.16,5e-02,0.51,6e-01,-1.37,5e-01,-3.10,2e-05,0.88,1e+00,-3.51,3e-01,-0.49,6e-01
102,ENSG00000179344,HLA-DQB1,0.49,8e-01,-5.01,7e-13,0.80,4e-01,0.68,2e-01,-0.81,9e-01,-3.63,9e-07,0.67,1e+00,-4.49,3e-01,-0.10,1e+00
103,ENSG00000115524,SF3B1,0.49,8e-01,-0.33,1e+00,-0.21,1e+00,0.01,1e+00,1.35,1e-01,-0.09,1e+00,-0.37,1e+00,-3.44,3e-01,-0.30,9e-01
104,ENSG00000007312,CD79B,0.49,8e-01,-4.90,2e-12,-0.03,1e+00,1.07,8e-03,-0.54,1e+00,-3.01,4e-05,0.47,1e+00,-3.97,3e-01,0.02,1e+00
105,ENSG00000204287,HLA-DRA,0.48,8e-01,-5.72,9e-16,1.15,5e-02,0.61,4e-01,-1.34,4e-01,-3.48,2e-06,0.68,1e+00,-4.35,3e-01,-0.30,9e-01
106,ENSG00000141524,TMC6,0.47,8e-01,-0.77,6e-01,-0.38,1e+00,0.50,6e-01,1.38,1e-01,-0.69,8e-01,0.11,1e+00,-2.59,5e-01,-0.70,4e-01
107,ENSG00000255112,CHMP1B,0.47,8e-01,-0.17,1e+00,1.37,8e-03,0.14,1e+00,-0.48,1e+00,-0.43,1e+00,-0.10,1e+00,-4.38,3e-01,-1.65,2e-03
108,ENSG00000145088,EAF2,0.46,8e-01,-4.01,1e-08,-0.59,1e+00,1.07,1e-02,-0.69,1e+00,-3.52,5e-06,0.18,1e+00,-4.61,3e-01,0.56,3e-01
109,ENSG00000197019,SERTAD1,0.43,8e-01,0.74,3e-01,1.44,3e-03,-0.28,1e+00,-1.31,5e-01,-0.24,1e+00,-0.64,1e+00,-4.12,3e-01,-1.63,2e-03
110,ENSG00000085224,ATRX,0.42,9e-01,-0.57,8e-01,-0.51,1e+00,0.34,8e-01,1.33,1e-01,0.08,1e+00,-0.65,1e+00,-2.49,5e-01,-0.37,8e-01
111,ENSG00000153234,NR4A2,0.42,9e-01,0.70,4e-01,1.26,2e-02,-0.74,3e-01,0.47,7e-01,0.32,9e-01,-0.39,1e+00,-3.90,3e-01,-2.24,7e-06
112,ENSG00000167522,ANKRD11,0.41,9e-01,0.11,1e+00,0.07,1e+00,-0.33,1e+00,1.56,8e-02,0.34,9e-01,-0.81,1e+00,-3.03,4e-01,-0.61,5e-01
113,ENSG00000114857,NKTR,0.41,9e-01,-0.40,1e+00,-1.08,5e-01,0.21,1e+00,1.82,3e-02,-0.44,1e+00,-0.25,1e+00,-4.47,3e-01,-0.29,9e-01
114,ENSG00000127914,AKAP9,0.41,9e-01,-0.36,1e+00,-0.09,1e+00,0.03,1e+00,1.42,1e-01,0.12,1e+00,-0.47,1e+00,-2.46,5e-01,-0.48,7e-01
115,ENSG00000008952,SEC62,0.40,9e-01,-1.18,2e-01,-0.40,1e+00,0.90,5e-02,-0.29,1e+00,-1.13,3e-01,0.19,1e+00,-2.86,4e-01,-0.09,1e+00
116,ENSG00000149311,ATM,0.40,9e-01,0.42,7e-01,-0.58,1e+00,0.09,1e+00,1.84,3e-02,-0.47,1e+00,-0.39,1e+00,-4.12,3e-01,-1.07,7e-02
117,ENSG00000130844,ZNF331,0.39,9e-01,0.69,3e-01,1.47,3e-03,-0.77,3e-01,-0.11,1e+00,0.41,8e-01,-0.55,1e+00,-5.63,3e-01,-2.15,2e-05
118,ENSG00000010244,ZNF207,0.37,9e-01,-0.92,4e-01,-0.42,1e+00,-0.00,1e+00,1.43,1e-01,-0.29,1e+00,-0.11,1e+00,-3.18,3e-01,0.18,9e-01
119,ENSG00000237541,HLA-DQA2,0.36,1e+00,-4.41,1e-10,1.12,7e-02,0.41,8e-01,-1.60,4e-01,-3.20,1e-05,0.72,1e+00,-4.27,3e-01,0.12,1e+00
120,ENSG00000188994,ZNF292,0.36,9e-01,-0.68,7e-01,-0.74,9e-01,0.31,9e-01,1.53,8e-02,-0.33,1e+00,-0.21,1e+00,-2.50,5e-01,-0.18,1e+00
121,ENSG00000102760,RGCC,0.34,9e-01,1.09,4e-02,-1.41,2e-01,0.15,1e+00,-1.09,7e-01,0.45,7e-01,-0.32,1e+00,-5.20,3e-01,-0.56,5e-01
122,ENSG00000116539,ASH1L,0.33,1e+00,-0.17,1e+00,-0.69,9e-01,0.19,1e+00,1.95,2e-02,-0.14,1e+00,-0.24,1e+00,-2.62,5e-01,-0.93,1e-01
123,ENSG00000198786,MT-ND5,0.33,1e+00,-0.79,4e-01,-0.37,1e+00,-0.54,6e-01,1.24,2e-01,-0.84,5e-01,-0.10,1e+00,2.50,1e-02,-0.37,8e-01
124,ENSG00000116752,BCAS2,0.32,1e+00,0.27,9e-01,1.24,2e-02,-0.18,1e+00,-1.47,5e-01,-0.19,1e+00,-0.17,1e+00,-4.98,3e-01,-0.74,3e-01
125,ENSG00000120129,DUSP1,0.32,1e+00,0.43,7e-01,1.11,7e-02,-0.08,1e+00,-0.45,1e+00,-0.10,1e+00,-0.44,1e+00,-3.29,3e-01,-1.12,4e-02
126,ENSG00000212907,MT-ND4L,0.30,1e+00,-0.22,1e+00,0.04,1e+00,-0.51,7e-01,1.33,1e-01,-0.77,7e-01,-0.20,1e+00,2.29,7e-02,-0.93,1e-01
127,ENSG00000113580,NR3C1,0.28,1e+00,-1.04,3e-01,-0.82,8e-01,0.43,7e-01,0.18,1e+00,1.14,4e-02,-0.08,1e+00,-4.10,3e-01,-0.61,5e-01
128,ENSG00000105939,ZC3HAV1,0.26,1e+00,1.15,2e-02,0.48,9e-01,-0.42,9e-01,0.34,8e-01,0.27,1e+00,-0.74,1e+00,-3.68,3e-01,-1.19,4e-02
129,ENSG00000146278,PNRC1,0.25,1e+00,0.94,1e-01,0.92,2e-01,-0.58,6e-01,-0.77,9e-01,0.67,4e-01,-0.25,1e+00,-3.20,3e-01,-1.72,6e-04
130,ENSG00000034510,TMSB10,0.25,1e+00,0.62,5e-01,0.54,8e-01,-0.35,9e-01,-1.62,4e-01,0.02,1e+00,0.26,1e+00,-2.76,4e-01,-0.44,6e-01
131,ENSG00000172115,CYCS,0.25,1e+00,0.24,9e-01,1.19,4e-02,-0.32,1e+00,-1.11,6e-01,-0.12,1e+00,-0.15,1e+00,-4.21,3e-01,-0.50,6e-01
132,ENSG00000260682,7SK,0.24,1e+00,-0.62,8e-01,0.25,1e+00,-0.03,1e+00,2.38,4e-03,-1.00,6e-01,-0.46,1e+00,-2.38,7e-01,-0.78,4e-01
133,ENSG00000131378,RFTN1,0.24,1e+00,-3.76,6e-08,-1.61,7e-02,1.12,5e-03,0.19,1e+00,-2.67,5e-04,0.24,1e+00,-5.15,3e-01,0.66,2e-01
134,ENSG00000089248,ERP29,0.23,1e+00,-0.69,6e-01,0.14,1e+00,0.32,9e-01,-0.96,7e-01,-0.22,1e+00,0.57,1e+00,-2.97,4e-01,-0.12,1e+00
135,ENSG00000121966,CXCR4,0.23,1e+00,1.04,6e-02,1.70,2e-04,-0.68,4e-01,-0.20,1e+00,-0.77,7e-01,-0.63,1e+00,-4.35,3e-01,-1.87,2e-04
136,ENSG00000140968,IRF8,0.23,1e+00,-4.27,2e-09,0.45,9e-01,1.13,5e-03,0.44,7e-01,-2.27,4e-03,-0.18,1e+00,-3.95,3e-01,-0.17,1e+00
137,ENSG00000257275,RP11-164H13.1,0.22,1e+00,-5.15,3e-11,-1.48,1e-01,1.40,2e-04,-0.40,1e+00,-3.39,2e-05,0.44,1e+00,-3.42,3e-01,0.37,6e-01
138,ENSG00000130066,SAT1,0.21,1e+00,-0.19,1e+00,1.24,3e-02,-0.25,1e+00,0.41,7e-01,0.22,1e+00,-0.27,1e+00,-5.57,3e-01,-1.01,9e-02
139,ENSG00000119801,YPEL5,0.21,1e+00,0.61,5e-01,1.13,6e-02,-0.07,1e+00,-0.26,1e+00,0.22,1e+00,-0.43,1e+00,-3.97,3e-01,-1.87,2e-04
140,ENSG00000127074,RGS13,0.20,1e+00,-5.84,6e-14,-3.79,5e-07,1.26,1e-03,0.03,1e+00,-3.91,4e-07,0.42,1e+00,-3.54,3e-01,0.79,1e-01
141,ENSG00000051108,HERPUD1,0.20,1e+00,-0.89,4e-01,1.00,1e-01,0.33,9e-01,0.56,6e-01,-0.76,7e-01,-0.53,1e+00,-4.66,3e-01,-0.29,9e-01
142,ENSG00000128016,ZFP36,0.16,1e+00,0.55,5e-01,1.37,7e-03,-0.80,3e-01,0.12,1e+00,0.47,7e-01,-0.38,1e+00,-3.35,3e-01,-1.37,1e-02
143,ENSG00000157106,SMG1,0.16,1e+00,0.01,1e+00,-0.06,1e+00,-0.01,1e+00,1.50,8e-02,0.17,1e+00,-0.71,1e+00,-2.68,4e-01,-0.41,8e-01
144,ENSG00000167552,TUBA1A,0.15,1e+00,0.61,4e-01,1.15,5e-02,-0.30,1e+00,-0.43,1e+00,0.23,1e+00,-0.65,1e+00,-2.68,4e-01,-1.03,8e-02
145,ENSG00000211450,C11orf31,0.11,1e+00,-0.99,3e-01,-0.20,1e+00,0.40,8e-01,-1.74,3e-01,-0.37,1e+00,0.48,1e+00,-3.39,3e-01,0.46,5e-01
146,ENSG00000196405,EVL,0.11,1e+00,0.88,1e-01,-0.47,1e+00,-0.04,1e+00,0.83,4e-01,0.77,3e-01,-0.48,1e+00,-2.83,4e-01,-1.37,1e-02
147,ENSG00000158517,NCF1,0.09,1e+00,-2.41,3e-04,0.05,1e+00,1.16,3e-03,0.14,1e+00,-2.52,9e-04,0.27,1e+00,-4.01,3e-01,-0.07,1e+00
148,ENSG00000198886,MT-ND4,0.08,1e+00,-0.31,1e+00,-0.36,1e+00,-0.70,4e-01,1.24,2e-01,-0.65,7e-01,-0.27,1e+00,2.83,2e-04,-0.57,5e-01
149,ENSG00000198763,MT-ND2,0.08,1e+00,0.05,1e+00,-0.19,1e+00,-0.87,2e-01,1.38,1e-01,-0.48,9e-01,-0.47,1e+00,2.91,1e-04,-1.09,4e-02
150,ENSG00000269028,MTRNR2L12,0.07,1e+00,-0.14,1e+00,-0.14,1e+00,-0.55,6e-01,1.37,1e-01,-0.18,1e+00,-0.45,1e+00,2.73,7e-04,-1.40,4e-03
151,ENSG00000171223,JUNB,0.07,1e+00,1.26,8e-03,1.37,8e-03,-1.12,3e-02,-0.87,8e-01,0.82,3e-01,-0.59,1e+00,-4.52,3e-01,-2.52,2e-07
152,ENSG00000271043,MTRNR2L2,0.06,1e+00,0.07,1e+00,0.27,1e+00,-0.43,8e-01,1.46,9e-02,0.20,1e+00,-0.34,1e+00,2.02,3e-01,-2.20,2e-05
153,ENSG00000120742,SERP1,0.06,1e+00,-0.53,8e-01,-0.01,1e+00,0.62,4e-01,-1.52,4e-01,-0.85,6e-01,0.41,1e+00,-3.79,3e-01,0.13,1e+00
154,ENSG00000166710,B2M,0.05,1e+00,0.61,5e-01,0.18,1e+00,-0.34,9e-01,-1.39,3e-01,1.12,5e-02,-0.04,1e+00,-3.67,3e-01,-0.81,2e-01
155,ENSG00000026508,CD44,0.05,1e+00,1.07,4e-02,0.12,1e+00,-0.51,7e-01,0.48,7e-01,0.75,3e-01,-0.07,1e+00,-2.83,4e-01,-1.44,7e-03
156,ENSG00000198840,MT-ND3,0.05,1e+00,-0.02,1e+00,-0.12,1e+00,-0.76,3e-01,1.26,2e-01,-0.38,1e+00,-0.40,1e+00,2.93,8e-05,-1.24,1e-02
157,ENSG00000087086,FTL,0.05,1e+00,-0.07,1e+00,1.35,9e-03,-0.13,1e+00,-2.05,2e-01,-0.23,1e+00,0.28,1e+00,-2.87,4e-01,-0.69,3e-01
158,ENSG00000132965,ALOX5AP,0.04,1e+00,-1.87,7e-03,-0.49,1e+00,0.99,2e-02,-1.78,3e-01,0.81,2e-01,0.45,1e+00,-5.39,3e-01,-0.83,2e-01
159,ENSG00000140941,MAP1LC3B,0.04,1e+00,-1.14,2e-01,0.04,1e+00,0.88,6e-02,-1.31,5e-01,-0.34,1e+00,0.00,1e+00,-4.27,3e-01,0.03,1e+00
160,ENSG00000158050,DUSP2,0.03,1e+00,0.96,1e-01,0.46,9e-01,-0.68,5e-01,-0.28,1e+00,0.65,5e-01,-0.18,1e+00,-4.10,3e-01,-0.61,5e-01
161,ENSG00000142669,SH3BGRL3,0.03,1e+00,-0.39,1e+00,-0.17,1e+00,0.33,9e-01,-2.12,2e-01,0.62,5e-01,0.39,1e+00,-3.37,3e-01,-0.21,1e+00
162,ENSG00000228253,MT-ATP8,0.02,1e+00,-0.67,7e-01,-0.26,1e+00,-0.51,8e-01,1.27,2e-01,-0.71,8e-01,-0.31,1e+00,2.86,2e-04,-0.53,6e-01
163,ENSG00000065809,FAM107B,0.02,1e+00,-0.70,6e-01,-1.06,5e-01,0.78,1e-01,-0.49,1e+00,0.14,1e+00,0.11,1e+00,-4.01,3e-01,0.06,1e+00
164,ENSG00000111229,ARPC3,0.02,1e+00,-1.48,4e-02,-0.09,1e+00,0.65,3e-01,-2.09,2e-01,-0.38,1e+00,0.59,1e+00,-4.11,3e-01,0.26,8e-01
165,ENSG00000241553,ARPC4,0.02,1e+00,-1.66,2e-02,-0.91,7e-01,0.69,3e-01,-1.21,6e-01,-0.60,9e-01,0.41,1e+00,-3.48,3e-01,0.70,1e-01
166,ENSG00000152518,ZFP36L2,0.01,1e+00,1.74,3e-05,0.40,9e-01,-0.58,6e-01,0.16,1e+00,0.38,8e-01,-0.90,1e+00,-2.94,4e-01,-1.97,9e-05
167,ENSG00000090382,LYZ,-7.04,7e-03,-4.70,1e-01,3.65,5e-05,-8.45,2e-07,-3.14,1e+00,-6.01,1e-01,1.11,1e+00,-3.57,1e+00,0.42,8e-01
168,ENSG00000169429,IL8,-6.68,2e-01,-5.34,4e-01,5.68,1e-08,-7.50,2e-03,-2.41,1e+00,-5.06,8e-01,-3.47,1e+00,-4.20,1e+00,-0.48,1e+00
169,ENSG00000183918,SH2D1A,-5.64,1e-08,0.64,5e-01,-6.18,4e-07,-5.12,2e-14,-1.23,7e-01,4.49,5e-33,-3.01,4e-02,-3.16,4e-01,-0.87,3e-01
170,ENSG00000124191,TOX2,-5.62,3e-08,-0.84,6e-01,-5.17,6e-06,-4.10,5e-11,-1.22,7e-01,5.54,3e-48,-2.99,5e-02,-2.56,6e-01,-1.75,7e-03
171,ENSG00000111796,KLRB1,-5.53,1e-06,1.75,2e-03,-2.35,7e-02,-4.33,1e-09,-3.27,2e-01,4.04,4e-20,-5.92,1e-03,-4.06,5e-01,-2.43,1e-03
172,ENSG00000125538,IL1B,-5.47,6e-02,-6.14,4e-02,4.92,4e-10,-6.28,9e-05,-1.97,1e+00,-5.85,1e-01,-1.41,1e+00,-2.99,1e+00,0.03,1e+00
173,ENSG00000176890,TYMS,-5.34,5e-07,-4.59,1e-05,-4.14,3e-04,-5.15,2e-12,-5.25,7e-02,-3.29,4e-03,-3.30,6e-02,-2.86,7e-01,6.89,7e-62
174,ENSG00000116824,CD2,-5.32,7e-11,2.10,2e-07,-3.04,3e-04,-5.55,7e-20,-1.45,5e-01,3.69,1e-24,-3.47,2e-03,-2.62,5e-01,-2.92,1e-07
175,ENSG00000008517,IL32,-5.23,5e-10,1.77,1e-04,-3.68,4e-05,-4.45,5e-15,-3.23,1e-01,3.92,1e-25,-4.81,1e-04,-3.44,4e-01,-1.79,3e-03
176,ENSG00000167286,CD3D,-4.89,3e-11,2.19,2e-08,-4.00,7e-07,-4.66,3e-19,-3.05,1e-01,3.62,2e-24,-3.55,9e-04,-3.70,3e-01,-2.41,4e-06
177,ENSG00000160654,CD3G,-4.84,2e-09,2.63,3e-12,-3.64,3e-05,-5.23,4e-18,-1.48,5e-01,3.12,2e-16,-3.80,1e-03,-3.95,3e-01,-2.08,2e-04
178,ENSG00000166803,KIAA0101,-4.82,9e-08,-4.22,3e-06,-4.69,8e-06,-2.74,1e-06,-4.47,7e-02,-2.70,7e-03,-3.35,1e-02,-2.67,6e-01,5.81,2e-59
179,ENSG00000196154,S100A4,-4.73,2e-09,1.94,6e-06,-0.03,1e+00,-4.02,4e-14,-3.31,1e-01,3.14,2e-15,-2.51,7e-02,-3.52,4e-01,-1.89,9e-04
180,ENSG00000198851,CD3E,-4.57,2e-09,2.71,2e-13,-3.70,1e-05,-5.39,1e-19,-2.74,1e-01,3.17,1e-17,-4.13,3e-04,-5.28,3e-01,-2.48,5e-06
181,ENSG00000163599,CTLA4,-4.39,6e-07,1.14,6e-02,-5.16,3e-06,-3.67,5e-10,-0.97,9e-01,4.40,4e-30,-4.26,2e-03,-2.13,8e-01,-2.49,9e-05
182,ENSG00000101439,CST3,-4.26,4e-03,-2.06,3e-01,3.17,7e-07,-3.83,3e-05,-1.65,1e+00,-0.88,1e+00,1.07,1e+00,-0.85,1e+00,0.08,1e+00
183,ENSG00000178573,MAF,-4.25,4e-06,0.22,1e+00,-4.02,2e-04,-4.55,6e-12,-0.48,1e+00,4.78,3e-33,-3.86,9e-03,-1.58,1e+00,-1.58,3e-02
184,ENSG00000082074,FYB,-4.17,1e-08,2.21,2e-08,-1.36,3e-01,-4.26,1e-15,-0.88,9e-01,3.09,2e-16,-2.09,2e-01,-2.93,4e-01,-2.01,2e-04
185,ENSG00000102970,CCL17,-4.00,3e-03,-5.35,2e-04,-6.56,1e-04,-1.55,2e-01,-5.33,2e-01,-5.39,1e-03,0.04,1e+00,-2.53,1e+00,4.30,2e-19
186,ENSG00000135046,ANXA1,-3.90,8e-06,4.82,2e-36,-0.60,1e+00,-6.19,1e-16,-0.36,1e+00,-0.84,8e-01,-3.58,1e-02,-3.90,4e-01,-2.33,4e-04
187,ENSG00000161570,CCL5,-3.85,3e-04,4.20,4e-21,-2.38,1e-01,-3.80,9e-08,-0.88,1e+00,0.19,1e+00,-3.56,8e-02,-3.71,7e-01,-0.65,7e-01
188,ENSG00000078596,ITM2A,-3.82,4e-07,0.66,4e-01,-3.12,3e-04,-4.34,5e-15,-2.70,2e-01,4.31,1e-32,-3.02,1e-02,-3.01,5e-01,-0.79,3e-01
189,ENSG00000181847,TIGIT,-3.81,1e-06,0.34,8e-01,-6.83,7e-09,-2.76,1e-07,-2.00,3e-01,4.60,1e-37,-3.66,2e-03,-2.80,5e-01,-1.26,5e-02
190,ENSG00000173762,CD7,-3.78,9e-07,2.86,2e-14,-3.61,5e-05,-4.04,3e-13,-2.76,2e-01,2.98,3e-14,-3.45,3e-03,-4.78,3e-01,-3.03,2e-07
191,ENSG00000213658,LAT,-3.74,2e-06,1.33,8e-03,-3.46,1e-04,-4.56,2e-14,-1.05,7e-01,3.93,5e-27,-1.68,7e-01,-3.45,4e-01,-1.52,1e-02
192,ENSG00000127152,BCL11B,-3.30,5e-05,3.70,5e-23,-3.51,3e-04,-5.00,2e-14,-0.14,1e+00,1.87,1e-04,-3.35,1e-02,-4.31,3e-01,-3.00,2e-06
193,ENSG00000010810,FYN,-3.29,1e-05,2.03,1e-06,-1.31,3e-01,-4.60,6e-15,-0.21,1e+00,3.18,1e-16,-3.32,5e-03,-1.63,9e-01,-1.85,1e-03
194,ENSG00000107317,PTGDS,-3.11,3e-01,-4.79,4e-02,3.24,7e-05,-3.39,8e-03,0.01,9e-01,0.88,6e-01,-4.51,9e-01,0.57,8e-01,0.17,1e+00
195,ENSG00000168685,IL7R,-3.09,2e-04,5.53,1e-50,-2.64,9e-03,-7.84,5e-19,-0.07,1e+00,-0.87,7e-01,-4.40,1e-03,-3.55,4e-01,-4.17,2e-09
196,ENSG00000117632,STMN1,-2.50,6e-04,-2.50,9e-04,-2.12,2e-02,-1.67,2e-03,-2.45,2e-01,-2.19,2e-02,-2.44,8e-02,-3.19,4e-01,4.26,4e-41
197,ENSG00000137804,NUSAP1,-2.35,9e-03,-3.04,6e-04,-3.19,2e-03,-2.16,2e-04,-1.96,4e-01,-1.51,3e-01,-2.25,4e-01,-4.51,3e-01,4.52,1e-37
198,ENSG00000126264,HCST,-2.28,9e-04,2.30,8e-10,-0.51,1e+00,-1.54,2e-03,-2.42,2e-01,2.11,5e-07,-1.60,6e-01,-3.15,4e-01,-1.40,1e-02
199,ENSG00000196230,TUBB,-2.20,3e-03,-2.40,1e-03,-2.56,2e-03,-1.80,4e-04,-2.23,3e-01,-1.43,2e-01,-1.39,1e+00,-2.92,4e-01,4.00,2e-37
200,ENSG00000132646,PCNA,-1.99,1e-02,-1.25,2e-01,-1.25,4e-01,-1.22,4e-02,-2.46,2e-01,-1.03,5e-01,-1.30,1e+00,-2.67,5e-01,3.28,4e-25
201,ENSG00000084207,GSTP1,-1.98,8e-03,-1.36,1e-01,0.66,6e-01,-0.84,3e-01,-3.34,8e-02,-1.39,2e-01,-0.75,1e+00,-2.54,5e-01,2.44,5e-13
202,ENSG00000163191,S100A11,-1.96,3e-02,0.01,1e+00,0.62,7e-01,-1.51,9e-03,-2.21,3e-01,2.75,5e-11,-0.98,1e+00,-1.15,1e+00,-0.41,8e-01
203,ENSG00000118503,TNFAIP3,-1.96,9e-03,3.35,2e-21,-0.58,1e+00,-2.29,1e-06,-0.67,1e+00,0.65,5e-01,-2.21,1e-01,-3.68,3e-01,-1.20,4e-02
204,ENSG00000182866,LCK,-1.86,2e-02,1.19,2e-02,-2.09,2e-02,-0.98,1e-01,-1.07,7e-01,2.79,3e-13,-1.04,1e+00,-4.06,3e-01,-0.85,2e-01
205,ENSG00000129277,CCL4,-1.83,3e-01,3.14,2e-09,0.27,1e+00,-2.67,7e-04,0.26,8e-01,0.51,8e-01,-1.66,1e+00,-3.54,1e+00,-1.87,5e-02
206,ENSG00000197061,HIST1H4C,-1.79,3e-02,-0.80,6e-01,-0.88,8e-01,-1.65,1e-03,-1.95,3e-01,-1.07,5e-01,-1.76,5e-01,-4.57,3e-01,3.26,2e-24
207,ENSG00000128951,DUT,-1.70,3e-02,-1.28,2e-01,-1.69,7e-02,-1.33,1e-02,-1.38,5e-01,-0.84,7e-01,-0.87,1e+00,-3.69,3e-01,3.16,2e-23
208,ENSG00000134333,LDHA,-1.64,3e-02,0.28,9e-01,-0.37,1e+00,-1.22,2e-02,-1.74,3e-01,0.37,8e-01,-1.07,1e+00,-3.38,3e-01,2.02,2e-09
209,ENSG00000164611,PTTG1,-1.61,8e-02,-1.99,1e-02,-2.77,2e-03,-1.28,3e-02,-2.40,2e-01,-0.14,1e+00,-1.46,1e+00,-2.93,4e-01,3.35,5e-25
210,ENSG00000074800,ENO1,-1.60,4e-02,-0.97,4e-01,-0.99,6e-01,-0.44,8e-01,-2.54,1e-01,0.33,9e-01,-0.62,1e+00,-3.81,3e-01,2.19,3e-11
211,ENSG00000135048,TMEM2,-1.57,7e-02,2.01,7e-07,0.49,9e-01,-3.07,5e-10,0.23,9e-01,2.15,4e-07,-2.30,9e-02,-2.56,5e-01,-1.95,4e-04
212,ENSG00000172725,CORO1B,-1.56,8e-02,-0.54,9e-01,-2.74,1e-03,-1.40,9e-03,-2.58,2e-01,3.68,1e-24,-1.09,1e+00,-3.28,4e-01,-0.40,8e-01
213,ENSG00000148908,RGS10,-1.54,6e-02,0.75,3e-01,-0.88,7e-01,-0.16,1e+00,-3.07,8e-02,1.32,1e-02,-0.04,1e+00,-2.93,4e-01,0.41,5e-01
214,ENSG00000164104,HMGB2,-1.48,1e-01,-1.45,9e-02,-1.61,1e-01,-1.70,7e-04,-1.89,3e-01,-1.18,4e-01,-1.59,8e-01,-3.48,3e-01,3.50,9e-29
215,ENSG00000111716,LDHB,-1.48,7e-02,0.76,2e-01,-1.59,8e-02,-0.33,1e+00,-3.32,6e-02,-0.11,1e+00,-0.49,1e+00,-3.94,3e-01,1.67,2e-06
216,ENSG00000164687,FABP5,-1.45,1e-01,-0.46,9e-01,-1.23,4e-01,-0.44,9e-01,-2.18,3e-01,-0.07,1e+00,-0.66,1e+00,-1.07,1e+00,2.15,9e-10
217,ENSG00000197956,S100A6,-1.39,1e-01,2.05,2e-07,0.96,2e-01,-1.50,3e-03,-1.45,5e-01,0.98,1e-01,-0.93,1e+00,-1.99,7e-01,-1.16,5e-02
218,ENSG00000111640,GAPDH,-1.39,7e-02,-1.54,4e-02,-1.83,2e-02,0.20,1e+00,-2.91,9e-02,0.20,1e+00,-0.14,1e+00,-3.55,3e-01,1.89,2e-08
219,ENSG00000067225,PKM,-1.37,1e-01,-1.45,7e-02,-1.41,2e-01,-0.42,9e-01,-1.25,6e-01,0.51,7e-01,-0.89,1e+00,-3.59,3e-01,2.21,3e-11
220,ENSG00000139193,CD27,-1.37,1e-01,0.06,1e+00,-2.46,2e-03,0.65,3e-01,-1.50,4e-01,1.44,3e-03,-0.36,1e+00,-3.31,3e-01,0.22,9e-01
221,ENSG00000136156,ITM2B,-1.31,2e-01,1.77,1e-05,0.45,9e-01,-1.21,3e-02,-1.59,4e-01,1.77,6e-05,-1.01,1e+00,-3.23,3e-01,-1.47,6e-03
222,ENSG00000184557,SOCS3,-1.26,3e-01,2.15,6e-08,1.30,2e-02,-2.32,2e-06,-0.27,1e+00,1.08,8e-02,-1.34,1e+00,-2.17,6e-01,-2.11,1e-04
223,ENSG00000217555,CKLF,-1.25,3e-01,0.55,5e-01,-0.13,1e+00,-1.17,5e-02,-2.57,2e-01,2.64,4e-11,-1.14,1e+00,-3.96,3e-01,-0.36,9e-01
224,ENSG00000137106,GRHPR,-1.25,2e-01,-2.95,2e-05,-2.09,1e-02,0.64,3e-01,-1.42,5e-01,-1.47,1e-01,-0.09,1e+00,-4.10,3e-01,2.03,7e-10
225,ENSG00000160014,CALM3,-1.23,2e-01,-0.36,1e+00,-1.35,2e-01,-0.64,5e-01,-2.43,2e-01,1.12,5e-02,-0.62,1e+00,-4.45,3e-01,1.71,1e-06
226,ENSG00000254709,IGLL5,-1.21,4e-01,-4.63,1e-07,2.88,9e-12,0.35,9e-01,-1.30,7e-01,-2.37,2e-02,0.24,1e+00,-4.66,3e-01,-1.62,1e-02
227,ENSG00000099901,RANBP1,-1.20,3e-01,-0.93,4e-01,-0.78,8e-01,-1.00,1e-01,-2.08,2e-01,-0.01,1e+00,-0.79,1e+00,-2.51,5e-01,2.46,8e-15
228,ENSG00000137309,HMGA1,-1.20,2e-01,-1.42,7e-02,-1.35,2e-01,0.06,1e+00,-1.87,3e-01,-0.94,5e-01,-0.37,1e+00,-3.46,3e-01,2.22,2e-11
229,ENSG00000170515,PA2G4,-1.19,3e-01,-0.02,1e+00,-0.69,9e-01,-0.71,4e-01,-1.12,7e-01,0.13,1e+00,-0.68,1e+00,-3.52,3e-01,1.90,2e-08
230,ENSG00000204389,HSPA1A,-1.17,7e-01,0.89,3e-01,2.24,2e-04,-2.07,5e-03,1.68,1e-01,0.19,1e+00,-2.04,1e+00,-3.68,7e-01,-1.57,7e-02
231,ENSG00000111669,TPI1,-1.15,3e-01,-1.00,3e-01,-0.87,7e-01,-0.09,1e+00,-1.82,3e-01,0.12,1e+00,-0.48,1e+00,-4.21,3e-01,1.87,5e-08
232,ENSG00000178741,COX5A,-1.15,3e-01,-1.29,1e-01,-0.85,7e-01,0.30,9e-01,-2.71,1e-01,-0.07,1e+00,-0.22,1e+00,-2.85,4e-01,1.65,3e-06
233,ENSG00000105968,H2AFV,-1.12,3e-01,-0.78,5e-01,-1.06,5e-01,-0.30,1e+00,-1.31,5e-01,0.06,1e+00,-0.54,1e+00,-3.04,4e-01,1.97,5e-09
234,ENSG00000189403,HMGB1,-1.11,2e-01,-1.22,1e-01,-0.87,7e-01,-0.51,7e-01,-1.30,5e-01,-0.40,1e+00,-0.76,1e+00,-3.54,3e-01,2.34,2e-13
235,ENSG00000108561,C1QBP,-1.11,3e-01,-0.77,6e-01,-1.07,5e-01,-0.07,1e+00,-2.58,1e-01,-0.36,1e+00,0.06,1e+00,-3.88,3e-01,1.85,5e-08
236,ENSG00000117450,PRDX1,-1.10,3e-01,-0.93,4e-01,-0.33,1e+00,-0.28,1e+00,-2.13,2e-01,0.40,8e-01,-0.44,1e+00,-5.59,3e-01,1.70,1e-06
237,ENSG00000123416,TUBA1B,-1.09,4e-01,-1.11,2e-01,-0.48,1e+00,-1.33,8e-03,-1.20,6e-01,-1.26,2e-01,-1.33,1e+00,-3.69,3e-01,2.87,2e-20
238,ENSG00000164032,H2AFZ,-1.07,4e-01,-0.66,7e-01,-0.59,1e+00,-0.83,2e-01,-1.86,3e-01,0.23,1e+00,-1.00,1e+00,-3.69,3e-01,2.18,2e-11
239,ENSG00000167815,PRDX2,-1.04,4e-01,-0.44,9e-01,-1.43,1e-01,0.01,1e+00,-2.95,9e-02,0.47,7e-01,-0.29,1e+00,-3.15,3e-01,1.56,8e-06
240,ENSG00000175130,MARCKSL1,-1.03,4e-01,-0.91,4e-01,0.42,9e-01,1.13,5e-03,-1.69,4e-01,-1.64,7e-02,-0.40,1e+00,-4.68,3e-01,0.58,3e-01
241,ENSG00000182004,SNRPE,-1.03,4e-01,-0.96,4e-01,-0.84,7e-01,-0.16,1e+00,-3.09,8e-02,-0.23,1e+00,-0.28,1e+00,-4.41,3e-01,1.98,5e-09
242,ENSG00000099860,GADD45B,-0.99,5e-01,0.69,3e-01,1.77,1e-04,-0.09,1e+00,-0.81,9e-01,-0.43,1e+00,-1.31,1e+00,-5.27,3e-01,-0.47,7e-01
243,ENSG00000132507,EIF5A,-0.97,5e-01,-0.21,1e+00,-0.33,1e+00,-0.56,7e-01,-1.60,4e-01,-0.05,1e+00,-0.54,1e+00,-4.08,3e-01,1.79,2e-07
244,ENSG00000100906,NFKBIA,-0.96,5e-01,0.88,1e-01,1.24,3e-02,-0.95,1e-01,-0.89,8e-01,1.20,3e-02,-0.66,1e+00,-3.74,3e-01,-0.64,5e-01
245,ENSG00000132341,RAN,-0.93,5e-01,-1.19,2e-01,-0.92,7e-01,-0.46,8e-01,-2.01,2e-01,-0.13,1e+00,-0.59,1e+00,-3.14,3e-01,2.20,1e-11
246,ENSG00000154518,ATP5G3,-0.93,5e-01,-1.07,3e-01,-1.10,4e-01,0.29,9e-01,-2.96,8e-02,0.07,1e+00,-0.22,1e+00,-3.62,3e-01,1.57,1e-05
247,ENSG00000141682,PMAIP1,-0.90,6e-01,-0.57,8e-01,1.84,7e-05,-0.12,1e+00,-0.20,1e+00,0.56,6e-01,-1.10,1e+00,-4.41,3e-01,-0.44,8e-01
248,ENSG00000136938,ANP32B,-0.89,5e-01,-0.45,9e-01,-0.87,7e-01,-0.14,1e+00,-1.49,4e-01,0.21,1e+00,-0.46,1e+00,-3.78,3e-01,1.61,5e-06
249,ENSG00000112306,RPS12,-0.89,5e-01,1.20,1e-02,0.24,1e+00,-0.29,1e+00,-2.95,8e-02,0.17,1e+00,0.05,1e+00,-4.03,3e-01,0.13,1e+00
250,ENSG00000185088,RPS27L,-0.87,6e-01,-0.93,4e-01,-1.02,6e-01,-0.11,1e+00,-1.89,3e-01,-0.12,1e+00,-0.45,1e+00,-2.41,5e-01,1.88,5e-08
251,ENSG00000167088,SNRPD1,-0.86,6e-01,-1.28,1e-01,-1.05,5e-01,-0.24,1e+00,-2.05,2e-01,-0.28,1e+00,-0.30,1e+00,-2.62,4e-01,2.06,3e-10
252,ENSG00000100632,ERH,-0.86,6e-01,-1.04,3e-01,-0.96,6e-01,-0.16,1e+00,-2.37,2e-01,0.24,1e+00,-0.42,1e+00,-2.73,4e-01,1.82,7e-08
253,ENSG00000111639,MRPL51,-0.85,6e-01,-1.32,1e-01,-0.85,7e-01,-0.06,1e+00,-2.00,3e-01,0.07,1e+00,-0.12,1e+00,-2.63,4e-01,1.73,4e-07
254,ENSG00000137818,RPLP1,-0.83,5e-01,0.71,3e-01,0.18,1e+00,-0.28,1e+00,-2.75,1e-01,0.80,3e-01,0.05,1e+00,-3.85,3e-01,0.17,1e+00
255,ENSG00000026025,VIM,-0.82,7e-01,0.99,1e-01,0.55,8e-01,-1.19,5e-02,-0.79,1e+00,-0.57,1e+00,-0.34,1e+00,-0.19,1e+00,0.89,8e-02
256,ENSG00000107742,SPOCK2,-0.81,7e-01,1.34,6e-03,-1.56,2e-01,-1.71,1e-03,-0.42,1e+00,2.96,2e-14,-1.17,1e+00,-2.47,5e-01,-2.52,8e-06
257,ENSG00000124795,DEK,-0.80,7e-01,-0.79,5e-01,-0.93,7e-01,-0.38,9e-01,-1.99,3e-01,-0.03,1e+00,-0.57,1e+00,-4.21,3e-01,2.00,2e-09
258,ENSG00000184007,PTP4A2,-0.80,7e-01,0.24,9e-01,0.11,1e+00,-0.69,5e-01,-0.56,1e+00,1.54,1e-03,-0.73,1e+00,-3.44,3e-01,0.36,6e-01
259,ENSG00000100387,RBX1,-0.79,7e-01,-1.08,3e-01,-1.03,5e-01,0.07,1e+00,-1.77,3e-01,0.04,1e+00,-0.23,1e+00,-3.26,3e-01,1.66,2e-06
260,ENSG00000081059,TCF7,-0.78,7e-01,1.80,1e-05,-1.36,2e-01,-1.11,6e-02,0.06,1e+00,1.98,4e-06,-1.22,1e+00,-2.27,5e-01,-1.43,1e-02
261,ENSG00000184009,ACTG1,-0.78,6e-01,-1.09,2e-01,-1.41,9e-02,0.74,2e-01,-1.87,3e-01,-0.17,1e+00,0.23,1e+00,-3.98,3e-01,1.04,1e-02
262,ENSG00000149273,RPS3,-0.74,7e-01,0.88,1e-01,-0.03,1e+00,-0.15,1e+00,-2.87,8e-02,0.21,1e+00,0.09,1e+00,-3.69,3e-01,0.36,7e-01
263,ENSG00000130770,ATPIF1,-0.74,7e-01,-0.39,1e+00,-0.98,6e-01,-0.03,1e+00,-2.10,2e-01,1.42,3e-03,-0.22,1e+00,-2.35,5e-01,0.67,2e-01
264,ENSG00000143977,SNRPG,-0.73,7e-01,-0.86,5e-01,-0.30,1e+00,-0.28,1e+00,-2.22,2e-01,0.27,1e+00,-0.66,1e+00,-2.81,4e-01,1.67,2e-06
265,ENSG00000156261,CCT8,-0.68,8e-01,-1.44,7e-02,-1.17,4e-01,0.17,1e+00,-1.09,7e-01,-0.55,9e-01,-0.28,1e+00,-3.53,3e-01,1.80,9e-08
266,ENSG00000130755,GMFG,-0.68,8e-01,0.87,1e-01,-0.16,1e+00,-0.74,4e-01,-1.93,3e-01,1.48,2e-03,-0.30,1e+00,-3.24,3e-01,0.03,1e+00
267,ENSG00000154723,ATP5J,-0.67,8e-01,-1.01,3e-01,-1.27,2e-01,-0.01,1e+00,-2.61,1e-01,0.02,1e+00,0.16,1e+00,-3.06,3e-01,1.60,6e-06
268,ENSG00000113810,SMC4,-0.64,8e-01,-2.11,4e-03,-1.71,7e-02,-0.70,5e-01,0.41,7e-01,-0.80,7e-01,-1.23,1e+00,-3.27,3e-01,2.54,2e-15
269,ENSG00000075624,ACTB,-0.62,8e-01,-1.04,2e-01,-0.67,8e-01,0.35,8e-01,-1.79,3e-01,0.04,1e+00,0.04,1e+00,-3.89,3e-01,1.16,3e-03
270,ENSG00000116473,RAP1A,-0.60,9e-01,0.10,1e+00,-0.51,1e+00,-0.25,1e+00,-1.22,6e-01,1.81,3e-05,-0.73,1e+00,-4.45,3e-01,0.10,1e+00
271,ENSG00000198830,HMGN2,-0.60,9e-01,-1.31,1e-01,-0.81,8e-01,-0.32,1e+00,-2.29,2e-01,-0.94,5e-01,-0.70,1e+00,-4.73,3e-01,2.26,2e-12
272,ENSG00000143401,ANP32E,-0.59,9e-01,-0.83,5e-01,-0.91,7e-01,-0.38,9e-01,-1.01,7e-01,-0.24,1e+00,-0.69,1e+00,-2.70,4e-01,1.96,5e-09
273,ENSG00000100316,RPL3,-0.57,8e-01,0.58,5e-01,0.09,1e+00,-0.07,1e+00,-2.26,2e-01,0.06,1e+00,0.21,1e+00,-3.70,3e-01,0.38,6e-01
274,ENSG00000145425,RPS3A,-0.57,8e-01,0.70,3e-01,0.16,1e+00,0.03,1e+00,-2.78,9e-02,0.11,1e+00,0.20,1e+00,-3.78,3e-01,0.14,1e+00
275,ENSG00000122862,SRGN,-0.55,9e-01,1.07,5e-02,0.21,1e+00,-1.22,1e-02,-1.56,4e-01,2.24,4e-08,-0.92,1e+00,-3.34,3e-01,-1.44,6e-03
276,ENSG00000122026,RPL21,-0.55,8e-01,0.63,4e-01,0.31,1e+00,0.05,1e+00,-2.63,1e-01,0.10,1e+00,0.15,1e+00,-3.92,3e-01,0.09,1e+00
277,ENSG00000117289,TXNIP,-0.55,9e-01,1.49,9e-04,2.42,3e-09,-2.24,2e-06,0.12,1e+00,-0.27,1e+00,-1.19,1e+00,-3.49,3e-01,-2.80,1e-07
278,ENSG00000198695,MT-ND6,-0.52,9e-01,-0.11,1e+00,-0.13,1e+00,-1.08,7e-02,1.27,2e-01,-0.13,1e+00,-1.16,1e+00,3.35,9e-07,-0.53,6e-01
279,ENSG00000181617,FDCSP,-0.51,1e+00,-3.01,1e+00,-0.32,1e+00,-1.95,1e+00,-0.10,8e-01,-1.80,1e+00,-2.26,1e+00,5.76,3e-02,-2.18,1e+00
280,ENSG00000171159,C9orf16,-0.50,9e-01,-0.19,1e+00,-0.81,8e-01,-0.23,1e+00,-1.91,3e-01,2.00,1e-06,0.14,1e+00,-4.02,3e-01,-0.35,9e-01
281,ENSG00000164587,RPS14,-0.49,9e-01,0.87,1e-01,0.14,1e+00,-0.14,1e+00,-2.86,8e-02,0.16,1e+00,0.28,1e+00,-3.86,3e-01,0.04,1e+00
282,ENSG00000090266,NDUFB2,-0.47,1e+00,-0.68,7e-01,-0.87,7e-01,0.02,1e+00,-2.21,2e-01,1.10,5e-02,0.29,1e+00,-3.08,3e-01,0.63,2e-01
283,ENSG00000125347,IRF1,-0.46,1e+00,1.28,7e-03,1.14,5e-02,-1.08,7e-02,-0.03,1e+00,0.94,1e-01,-1.27,1e+00,-2.01,7e-01,-1.12,6e-02
284,ENSG00000167526,RPL13,-0.46,9e-01,0.86,2e-01,0.20,1e+00,-0.15,1e+00,-2.13,1e-01,0.25,1e+00,0.23,1e+00,-4.03,3e-01,-0.07,1e+00
285,ENSG00000138495,COX17,-0.45,1e+00,-1.44,7e-02,-0.37,1e+00,-0.18,1e+00,-2.10,2e-01,-0.34,1e+00,0.02,1e+00,-2.96,4e-01,1.66,1e-06
286,ENSG00000233276,GPX1,-0.44,1e+00,-1.13,2e-01,0.66,6e-01,0.12,1e+00,-1.62,4e-01,1.16,3e-02,0.26,1e+00,-2.93,4e-01,-0.34,9e-01
287,ENSG00000204628,GNB2L1,-0.44,9e-01,-0.17,1e+00,-0.41,1e+00,0.54,5e-01,-1.89,3e-01,-0.18,1e+00,0.44,1e+00,-3.88,3e-01,0.34,7e-01
288,ENSG00000233927,RPS28,-0.43,1e+00,0.51,6e-01,0.07,1e+00,0.11,1e+00,-2.56,1e-01,0.25,1e+00,0.27,1e+00,-3.73,3e-01,0.03,1e+00
289,ENSG00000198938,MT-CO3,-0.42,1e+00,-0.47,8e-01,-0.48,1e+00,-0.84,2e-01,1.13,2e-01,-0.63,7e-01,-0.60,1e+00,3.40,4e-07,-0.26,9e-01
290,ENSG00000156508,EEF1A1,-0.42,1e+00,0.39,8e-01,-0.13,1e+00,-0.01,1e+00,-1.69,2e-01,0.25,1e+00,0.17,1e+00,-3.52,3e-01,0.37,6e-01
291,ENSG00000105372,RPS19,-0.41,1e+00,0.47,7e-01,0.16,1e+00,-0.00,1e+00,-2.29,2e-01,0.07,1e+00,0.31,1e+00,-3.88,3e-01,0.20,9e-01
292,ENSG00000138326,RPS24,-0.41,1e+00,0.37,8e-01,-0.01,1e+00,0.04,1e+00,-2.36,2e-01,0.27,1e+00,0.26,1e+00,-3.73,3e-01,0.27,8e-01
293,ENSG00000130811,EIF3G,-0.41,1e+00,0.06,1e+00,-0.25,1e+00,0.50,6e-01,-1.65,4e-01,0.06,1e+00,0.40,1e+00,-3.87,3e-01,0.04,1e+00
294,ENSG00000166441,RPL27A,-0.40,1e+00,0.47,7e-01,0.13,1e+00,0.10,1e+00,-2.25,2e-01,-0.12,1e+00,0.31,1e+00,-3.41,3e-01,0.19,1e+00
295,ENSG00000143947,RPS27A,-0.40,1e+00,0.56,5e-01,0.13,1e+00,0.07,1e+00,-2.59,1e-01,0.03,1e+00,0.30,1e+00,-3.82,3e-01,0.09,1e+00
296,ENSG00000175390,EIF3F,-0.39,1e+00,-0.31,1e+00,-0.56,1e+00,0.53,5e-01,-2.61,1e-01,0.08,1e+00,0.42,1e+00,-3.29,3e-01,0.39,6e-01
297,ENSG00000142676,RPL11,-0.38,1e+00,0.61,5e-01,0.14,1e+00,0.05,1e+00,-2.51,1e-01,0.11,1e+00,0.38,1e+00,-3.81,3e-01,-0.07,1e+00
298,ENSG00000123975,CKS2,-0.38,1e+00,-0.44,9e-01,1.19,4e-02,-0.18,1e+00,-1.94,3e-01,-0.48,1e+00,-0.16,1e+00,-4.33,3e-01,0.61,2e-01
299,ENSG00000231500,RPS18,-0.37,1e+00,0.41,7e-01,-0.18,1e+00,0.10,1e+00,-2.43,9e-02,-0.12,1e+00,0.47,1e+00,-3.66,3e-01,0.31,8e-01
300,ENSG00000134419,RPS15A,-0.36,1e+00,0.73,3e-01,-0.06,1e+00,0.08,1e+00,-2.89,8e-02,0.14,1e+00,0.33,1e+00,-3.70,3e-01,-0.05,1e+00
301,ENSG00000160255,ITGB2,-0.36,1e+00,0.61,4e-01,0.17,1e+00,-0.41,9e-01,0.00,1e+00,1.48,2e-03,-0.18,1e+00,-3.48,3e-01,-1.12,5e-02
302,ENSG00000172809,RPL38,-0.35,1e+00,1.13,3e-02,0.43,1e+00,-0.33,9e-01,-2.08,2e-01,0.17,1e+00,0.10,1e+00,-3.54,3e-01,-0.33,8e-01
303,ENSG00000163479,SSR2,-0.35,1e+00,0.13,1e+00,-0.51,1e+00,0.31,9e-01,-1.67,4e-01,0.53,6e-01,0.41,1e+00,-3.04,3e-01,-0.00,1e+00
304,ENSG00000111678,C12orf57,-0.33,1e+00,1.22,1e-02,0.06,1e+00,-0.87,2e-01,-1.75,3e-01,1.51,1e-03,-0.03,1e+00,-2.89,4e-01,-1.12,5e-02
305,ENSG00000197958,RPL12,-0.33,1e+00,0.25,1e+00,0.04,1e+00,0.12,1e+00,-2.35,2e-01,-0.08,1e+00,0.42,1e+00,-3.71,3e-01,0.27,8e-01
306,ENSG00000177600,RPLP2,-0.32,1e+00,0.71,3e-01,0.29,1e+00,-0.13,1e+00,-2.07,2e-01,0.09,1e+00,0.20,1e+00,-3.61,3e-01,0.02,1e+00
307,ENSG00000133112,TPT1,-0.32,1e+00,1.18,2e-02,0.28,1e+00,-0.18,1e+00,-2.36,2e-01,0.03,1e+00,0.12,1e+00,-3.58,3e-01,-0.38,7e-01
308,ENSG00000105640,RPL18A,-0.31,1e+00,0.35,8e-01,0.25,1e+00,0.06,1e+00,-2.28,2e-01,-0.11,1e+00,0.36,1e+00,-3.74,3e-01,0.17,1e+00
309,ENSG00000063177,RPL18,-0.31,1e+00,0.41,8e-01,0.13,1e+00,0.15,1e+00,-2.57,1e-01,0.06,1e+00,0.40,1e+00,-3.87,3e-01,-0.00,1e+00
310,ENSG00000109475,RPL34,-0.31,1e+00,0.86,2e-01,0.26,1e+00,-0.03,1e+00,-2.52,1e-01,0.20,1e+00,0.30,1e+00,-3.85,3e-01,-0.38,7e-01
311,ENSG00000142541,RPL13A,-0.30,1e+00,0.50,6e-01,0.29,1e+00,-0.13,1e+00,-1.60,4e-01,0.23,1e+00,0.23,1e+00,-3.77,3e-01,0.05,1e+00
312,ENSG00000198668,CALM1,-0.30,1e+00,0.88,2e-01,0.18,1e+00,-0.18,1e+00,-1.27,5e-01,0.74,4e-01,-0.50,1e+00,-3.55,3e-01,-0.24,1e+00
313,ENSG00000066923,STAG3,-0.28,1e+00,-4.14,8e-09,-0.95,7e-01,1.22,2e-03,-1.71,4e-01,-3.27,3e-05,0.56,1e+00,-4.59,3e-01,0.87,5e-02
314,ENSG00000198804,MT-CO1,-0.27,1e+00,-0.31,1e+00,-0.16,1e+00,-0.65,4e-01,1.11,3e-01,-0.31,1e+00,-0.38,1e+00,2.75,5e-04,-0.34,8e-01
315,ENSG00000161970,RPL26,-0.27,1e+00,0.30,9e-01,0.04,1e+00,0.17,1e+00,-2.69,1e-01,0.07,1e+00,0.45,1e+00,-3.85,3e-01,0.05,1e+00
316,ENSG00000198712,MT-CO2,-0.27,1e+00,-0.34,1e+00,-0.29,1e+00,-0.79,2e-01,1.17,2e-01,-0.43,1e+00,-0.49,1e+00,3.15,4e-06,-0.49,6e-01
317,ENSG00000213719,CLIC1,-0.27,1e+00,-0.89,4e-01,0.01,1e+00,0.25,1e+00,-1.95,3e-01,0.54,6e-01,0.51,1e+00,-3.44,3e-01,0.25,8e-01
318,ENSG00000167996,FTH1,-0.26,1e+00,0.18,1e+00,1.67,2e-04,-0.39,8e-01,-1.99,2e-01,0.32,1e+00,0.08,1e+00,-2.87,4e-01,-1.16,2e-02
319,ENSG00000198242,RPL23A,-0.25,1e+00,0.50,6e-01,0.20,1e+00,-0.02,1e+00,-2.54,1e-01,-0.12,1e+00,0.37,1e+00,-3.77,3e-01,0.15,1e+00
320,ENSG00000172183,ISG20,-0.22,1e+00,-0.44,9e-01,0.20,1e+00,0.49,6e-01,-1.42,5e-01,1.04,7e-02,-0.16,1e+00,-3.84,3e-01,-0.61,5e-01
321,ENSG00000114391,RPL24,-0.22,1e+00,-0.10,1e+00,-0.41,1e+00,0.39,8e-01,-2.40,1e-01,-0.21,1e+00,0.47,1e+00,-4.07,3e-01,0.39,6e-01
322,ENSG00000186468,RPS23,-0.22,1e+00,0.26,1e+00,0.27,1e+00,0.15,1e+00,-2.64,1e-01,-0.22,1e+00,0.42,1e+00,-3.79,3e-01,0.09,1e+00
323,ENSG00000145592,RPL37,-0.22,1e+00,0.44,7e-01,0.04,1e+00,0.15,1e+00,-2.32,2e-01,0.08,1e+00,0.40,1e+00,-3.84,3e-01,-0.07,1e+00
324,ENSG00000091527,CDV3,-0.21,1e+00,-1.60,3e-02,-1.60,7e-02,1.22,1e-03,-0.65,1e+00,-0.73,7e-01,0.23,1e+00,-4.45,3e-01,0.41,6e-01
325,ENSG00000135390,ATP5G2,-0.21,1e+00,-0.49,9e-01,-0.37,1e+00,0.43,7e-01,-2.60,1e-01,0.08,1e+00,0.44,1e+00,-3.81,3e-01,0.40,6e-01
326,ENSG00000132465,IGJ,-0.21,1e+00,-6.37,2e-13,-0.66,1e+00,1.52,3e-05,-1.51,5e-01,-2.06,2e-02,0.01,1e+00,-3.06,4e-01,0.54,4e-01
327,ENSG00000221983,UBA52,-0.21,1e+00,0.30,9e-01,0.11,1e+00,0.13,1e+00,-2.38,2e-01,0.20,1e+00,0.45,1e+00,-3.73,3e-01,-0.10,1e+00
328,ENSG00000198918,RPL39,-0.21,1e+00,0.63,4e-01,0.22,1e+00,0.06,1e+00,-2.73,1e-01,0.07,1e+00,0.36,1e+00,-3.86,3e-01,-0.22,1e+00
329,ENSG00000128218,VPREB3,-0.21,1e+00,-6.61,1e-15,-0.04,1e+00,1.50,2e-05,-1.75,3e-01,-4.15,1e-07,0.34,1e+00,-5.47,3e-01,0.30,8e-01
330,ENSG00000213741,RPS29,-0.20,1e+00,0.96,9e-02,0.35,1e+00,-0.24,1e+00,-2.75,1e-01,0.22,1e+00,0.26,1e+00,-4.26,3e-01,-0.37,7e-01
331,ENSG00000130255,RPL36,-0.20,1e+00,0.45,7e-01,-0.02,1e+00,0.02,1e+00,-2.22,2e-01,0.09,1e+00,0.39,1e+00,-3.87,3e-01,0.10,1e+00
332,ENSG00000198888,MT-ND1,-0.19,1e+00,-0.11,1e+00,-0.30,1e+00,-0.83,2e-01,1.22,2e-01,-0.52,9e-01,-0.51,1e+00,3.21,3e-06,-0.80,2e-01
333,ENSG00000254999,BRK1,-0.19,1e+00,-1.79,1e-02,-0.97,6e-01,0.92,4e-02,-2.43,1e-01,-0.42,1e+00,0.53,1e+00,-3.84,3e-01,0.56,3e-01
334,ENSG00000120885,CLU,-0.19,1e+00,-1.09,1e+00,-0.38,1e+00,-1.88,1e+00,0.53,7e-01,-0.81,1e+00,-1.28,1e+00,4.82,3e-01,-1.10,1e+00
335,ENSG00000198727,MT-CYB,-0.19,1e+00,-0.13,1e+00,-0.36,1e+00,-0.95,9e-02,1.21,2e-01,-0.30,1e+00,-0.50,1e+00,3.14,4e-06,-0.63,4e-01
336,ENSG00000123505,AMD1,-0.18,1e+00,0.87,1e-01,0.72,5e-01,-0.30,1e+00,0.49,6e-01,0.27,1e+00,-0.55,1e+00,-3.01,4e-01,-0.83,2e-01
337,ENSG00000235162,C12orf75,-0.18,1e+00,-2.67,8e-05,-1.58,9e-02,0.87,6e-02,-1.84,3e-01,-2.17,7e-03,0.33,1e+00,-3.91,3e-01,1.30,5e-04
338,ENSG00000168610,STAT3,-0.16,1e+00,1.16,2e-02,-0.09,1e+00,-0.73,4e-01,0.34,8e-01,1.27,1e-02,-0.39,1e+00,-3.77,3e-01,-1.19,3e-02
339,ENSG00000182899,RPL35A,-0.16,1e+00,0.23,1e+00,-0.25,1e+00,0.29,9e-01,-2.79,9e-02,-0.17,1e+00,0.55,1e+00,-4.15,3e-01,0.10,1e+00
340,ENSG00000162244,RPL29,-0.16,1e+00,-0.02,1e+00,-0.33,1e+00,0.40,8e-01,-2.48,1e-01,-0.36,1e+00,0.60,1e+00,-3.81,3e-01,0.23,9e-01
341,ENSG00000143799,PARP1,-0.16,1e+00,-2.38,3e-04,-1.21,3e-01,0.76,2e-01,-0.91,8e-01,-0.82,6e-01,0.00,1e+00,-3.39,3e-01,1.14,4e-03
342,ENSG00000144713,RPL32,-0.15,1e+00,0.41,8e-01,-0.20,1e+00,0.19,1e+00,-2.38,1e-01,-0.32,1e+00,0.50,1e+00,-3.93,3e-01,0.14,1e+00
343,ENSG00000198899,MT-ATP6,-0.14,1e+00,-0.25,1e+00,-0.34,1e+00,-0.89,1e-01,1.27,2e-01,-0.40,1e+00,-0.45,1e+00,3.18,4e-06,-0.74,2e-01
344,ENSG00000174748,RPL15,-0.14,1e+00,-0.61,6e-01,-0.49,1e+00,0.56,5e-01,-2.58,1e-01,-0.34,1e+00,0.49,1e+00,-3.76,3e-01,0.46,5e-01
345,ENSG00000103811,CTSH,-0.14,1e+00,-5.60,1e-12,-0.25,1e+00,0.91,5e-02,-0.68,1e+00,-3.65,3e-06,0.43,1e+00,-2.35,5e-01,0.91,3e-02
346,ENSG00000169756,LIMS1,-0.13,1e+00,-1.19,2e-01,-1.69,7e-02,-0.28,1e+00,-0.44,1e+00,1.92,8e-06,-0.40,1e+00,-2.50,5e-01,0.39,6e-01
347,ENSG00000062716,VMP1,-0.13,1e+00,0.38,8e-01,-0.71,9e-01,-0.78,4e-01,1.00,3e-01,1.51,2e-03,-0.46,1e+00,-2.36,6e-01,-0.37,9e-01
348,ENSG00000115738,ID2,-0.12,1e+00,0.09,1e+00,-1.71,5e-02,1.01,2e-02,-1.11,7e-01,0.05,1e+00,-0.16,1e+00,-4.15,3e-01,-0.12,1e+00
349,ENSG00000054654,SYNE2,-0.11,1e+00,-0.32,1e+00,-2.38,6e-03,0.26,1e+00,1.71,6e-02,0.29,1e+00,-1.03,1e+00,-2.65,5e-01,0.38,6e-01
350,ENSG00000100721,TCL1A,-0.11,1e+00,-5.69,3e-14,-0.37,1e+00,1.10,7e-03,-1.69,3e-01,-3.34,9e-06,0.32,1e+00,-3.83,3e-01,0.89,5e-02
351,ENSG00000117091,CD48,-0.11,1e+00,1.10,2e-02,0.59,7e-01,-0.30,1e+00,-1.31,5e-01,0.25,1e+00,0.22,1e+00,-3.69,3e-01,-1.08,6e-02
352,ENSG00000170345,FOS,-0.11,1e+00,0.68,4e-01,1.25,2e-02,-0.13,1e+00,-0.45,1e+00,-0.12,1e+00,-0.51,1e+00,-4.17,3e-01,-0.99,7e-02
353,ENSG00000114353,GNAI2,-0.10,1e+00,-1.04,3e-01,-0.73,9e-01,0.81,1e-01,-1.20,6e-01,-0.14,1e+00,-0.03,1e+00,-3.24,3e-01,0.47,5e-01
354,ENSG00000133872,TMEM66,-0.10,1e+00,1.63,1e-04,0.02,1e+00,-0.48,8e-01,-0.41,1e+00,0.78,3e-01,-0.40,1e+00,-3.01,4e-01,-1.73,6e-04
355,ENSG00000205542,TMSB4X,-0.10,1e+00,-0.21,1e+00,-0.05,1e+00,0.37,8e-01,-2.26,1e-01,0.23,1e+00,0.38,1e+00,-3.43,3e-01,-0.01,1e+00
356,ENSG00000134294,SLC38A2,-0.09,1e+00,0.88,1e-01,0.16,1e+00,-0.47,8e-01,1.13,2e-01,0.64,5e-01,-0.38,1e+00,-2.60,5e-01,-1.08,7e-02
357,ENSG00000113387,SUB1,-0.08,1e+00,0.24,9e-01,0.35,1e+00,-0.31,1e+00,-0.75,9e-01,1.16,3e-02,0.08,1e+00,-3.02,3e-01,-0.70,3e-01
358,ENSG00000008282,SYPL1,-0.08,1e+00,-2.86,2e-05,-0.34,1e+00,1.17,3e-03,-1.22,6e-01,-1.05,4e-01,0.44,1e+00,-3.67,3e-01,0.24,8e-01
359,ENSG00000255823,MTRNR2L8,-0.07,1e+00,0.10,1e+00,0.27,1e+00,-0.43,8e-01,1.20,2e-01,0.26,1e+00,-0.47,1e+00,2.07,3e-01,-1.51,5e-03
360,ENSG00000078304,PPP2R5C,-0.06,1e+00,0.60,4e-01,-1.15,4e-01,-0.00,1e+00,0.34,8e-01,1.30,1e-02,-0.33,1e+00,-2.75,4e-01,-0.87,2e-01
361,ENSG00000206503,HLA-A,-0.05,1e+00,0.51,6e-01,-0.33,1e+00,-0.46,8e-01,-0.48,1e+00,1.57,7e-04,-0.16,1e+00,-3.04,3e-01,-0.80,2e-01
362,ENSG00000149806,FAU,-0.03,1e+00,0.05,1e+00,0.28,1e+00,0.30,9e-01,-2.60,1e-01,-0.07,1e+00,0.48,1e+00,-4.04,3e-01,-0.25,9e-01
363,ENSG00000034677,RNF19A,-0.03,1e+00,-0.27,1e+00,-0.16,1e+00,-0.21,1e+00,0.29,8e-01,1.55,1e-03,-0.48,1e+00,-2.95,4e-01,-0.54,6e-01
364,ENSG00000176788,BASP1,-0.02,1e+00,-5.18,3e-12,-0.61,1e+00,1.18,3e-03,-1.29,5e-01,-4.24,6e-08,0.23,1e+00,-3.68,3e-01,0.88,5e-02
365,ENSG00000177954,RPS27,-0.02,1e+00,0.48,7e-01,0.28,1e+00,0.23,1e+00,-2.43,9e-02,0.02,1e+00,0.46,1e+00,-4.07,3e-01,-0.65,3e-01
